{"cameraMode":{"drawMode":0,"name":"Shaded","section":"Shading Mode"},"sceneLighting":true,"audioPlay":false,"sceneViewState":{"showFog":true,"showMaterialUpdate":false,"showSkybox":true,"showFlares":true,"showImageEffects":true,"showParticleSystems":true},"in2DMode":false,"pivot":{"x":2.0772006511688234,"y":2.5404629707336427,"z":1.7736691236495972},"rotation":{"x":-0.11872430890798569,"y":0.867551863193512,"z":-0.24881985783576966,"w":-0.4139498770236969},"size":-1.2210054397583008,"orthographic":false}