{"cameraMode":{"drawMode":0,"name":"Shaded","section":"Shading Mode"},"sceneLighting":false,"audioPlay":false,"sceneViewState":{"showFog":false,"showMaterialUpdate":false,"showSkybox":false,"showFlares":false,"showImageEffects":false,"showParticleSystems":false},"in2DMode":false,"pivot":{"x":-9.960000038146973,"y":1.429999828338623,"z":70.13999938964844},"rotation":{"x":-0.5970534086227417,"y":0.04134254530072212,"z":-0.030834272503852845,"w":-0.8005495667457581},"size":5.7157673835754398,"orthographic":false}