{"cameraMode":{"drawMode":0,"name":"Shaded","section":"Shading Mode"},"sceneLighting":false,"audioPlay":false,"sceneViewState":{"showFog":false,"showMaterialUpdate":false,"showSkybox":false,"showFlares":false,"showImageEffects":false,"showParticleSystems":false},"in2DMode":false,"pivot":{"x":9.152914047241211,"y":1.3397220373153687,"z":65.0},"rotation":{"x":-0.24202841520309449,"y":-0.05178622156381607,"z":0.01293679978698492,"w":-0.9688067436218262},"size":8.621030807495118,"orthographic":false}