{"cameraMode":{"drawMode":0,"name":"Shaded","section":"Shading Mode"},"sceneLighting":false,"audioPlay":false,"sceneViewState":{"showFog":false,"showMaterialUpdate":false,"showSkybox":false,"showFlares":false,"showImageEffects":false,"showParticleSystems":false},"in2DMode":false,"pivot":{"x":1.0267988443374634,"y":5.120608329772949,"z":5.982222557067871},"rotation":{"x":0.39710092544555666,"y":-0.11652020364999771,"z":0.05090658739209175,"w":0.9089269638061523},"size":9.458305358886719,"orthographic":false}