{"cameraMode":{"drawMode":0,"name":"Shaded","section":"Shading Mode"},"sceneLighting":false,"audioPlay":false,"sceneViewState":{"showFog":false,"showMaterialUpdate":false,"showSkybox":false,"showFlares":false,"showImageEffects":false,"showParticleSystems":false},"in2DMode":false,"pivot":{"x":-9.329322814941407,"y":2.302497148513794,"z":55.17207336425781},"rotation":{"x":0.4400099217891693,"y":0.2941320836544037,"z":-0.15515534579753877,"w":0.8341572880744934},"size":21.681123733520509,"orthographic":false}