{"cameraMode":{"drawMode":0,"name":"Shaded","section":"Shading Mode"},"sceneLighting":false,"audioPlay":false,"sceneViewState":{"showFog":false,"showMaterialUpdate":false,"showSkybox":false,"showFlares":false,"showImageEffects":false,"showParticleSystems":false},"in2DMode":false,"pivot":{"x":-1.8962754011154175,"y":2.4322640895843508,"z":1.5112892389297486},"rotation":{"x":0.4400099217891693,"y":0.2941320836544037,"z":-0.15515534579753877,"w":0.8341572880744934},"size":27.804807662963868,"orthographic":false}